model,hash_id,FREQ_DOMAIN,MULTI_FITS,req_loss_approach,rec_lambda,auxi_lambda,info_dict,total_params,reconstruction_params,common_params,training_time_per_epoch,inference_time_per_sample_ms (GPU),peak_memory_mb (GPU),inference_time_per_sample_ms (CPU),peak_memory_mb (CPU),lookback
MSTGAD,62fc7ff7,encoder_decoder,False,FreDF-style,1.0,0.1,pr:0.9014  rc:0.9922  auc:0.9998 ap:0.9693 f1: 0.9446 pred_right: 16358 pred_wrong:142 actu_right: 16371 actu_wrong: 129,72717,28376,44341,0,0.34947533844048867,40.1474609375,0.7910077185667851,4535.76953125
MSTGAD,18ff2a43,FITS,False,FreDF-style,1.0,0.1,pr:0.9612  rc:0.9612  auc:0.9893 ap:0.9816 f1: 0.9612 pred_right: 16371 pred_wrong:129 actu_right: 16371 actu_wrong: 129,44997,656,44341,8.670384435653686,0.42658535990968693,37.68798828125,0.2351700725201996,4552.63671875
MSTGAD,44a64e40,GPT2,False,FreDF-style,1.0,0.1,pr:0.9051  rc:0.9612  auc:0.9804 ap:0.9631 f1: 0.9323 pred_right: 16363 pred_wrong:137 actu_right: 16371 actu_wrong: 129,2664782,2620441,44341,60.25293506494089,3.102390505921249,1295.19921875,65.07106299038355,5049.5546875
MSTGAD,46c7a2ee,FITS,true,Normal-Recreation,1.0,0.1,pr:0.9254  rc:0.9612  auc:0.9940 ap:0.9802 f1: 0.9430 pred_right: 16366 pred_wrong:134 actu_right: 16371 actu_wrong: 129,44659,318,44341,3.216967731346319,0.13223831167637198,27.95361328125,0.20504069057539845,4529.20703125
MSTGAD,f3dbf5e0,FITS,false,Normal-Recreation,1.0,0.1,pr:0.9318  rc:0.9535  auc:0.9831 ap:0.9677 f1: 0.9425 pred_right: 16368 pred_wrong:132 actu_right: 16371 actu_wrong: 129,44997,656,44341,3.4869718373932455,0.13139211924861308,28.29150390625,0.21095519570340956,4524.05078125
MSTGAD,aa3ea478,FITS,false,FreDF-style,1.0,1.0,pr:0.8611  rc:0.9612  auc:0.9862 ap:0.9596 f1: 0.9084 pred_right: 16356 pred_wrong:144 actu_right: 16371 actu_wrong: 129,44997,656,44341,8.310937772760736,0.42837934841742004,37.68798828125,0.23912549802662725,4572.90234375
MSTGAD,a61adb1b,FITS,false,FreDF-style,0.5,1.0,pr:0.8467  rc:0.8992  auc:0.9897 ap:0.9449 f1: 0.8722 pred_right: 16363 pred_wrong:137 actu_right: 16371 actu_wrong: 129,44997,656,44341,8.382389876842499,0.4199822899544232,37.68798828125,0.2332972824680399,4582.8984375
MSTGAD,e3a6c720,FITS,false,FreDF-style,0.1,1.0,pr:0.8537  rc:0.8140  auc:0.9709 ap:0.9139 f1: 0.8333 pred_right: 16377 pred_wrong:123 actu_right: 16371 actu_wrong: 129,44997,656,44341,8.1439372017667,0.4257275478182905,37.68798828125,0.23887040582304578,4575.03125
MSTGAD,5c68e9e8,encoder_decoder,false,FreDF-style,1.0,0.1,pr:0.9485  rc:1.0000  auc:0.9998 ap:0.9768 f1: 0.9736 pred_right: 16364 pred_wrong:136 actu_right: 16371 actu_wrong: 129,72717,28376,44341,12.523419280244847,0.3963681783636245,48.66015625,0.9322592546607803,4546.85546875
MSTGAD,29de2c29,FITS,true,FreDF-style,1.0,0.1,pr:0.9118  rc:0.9612  auc:0.9941 ap:0.9788 f1: 0.9358 pred_right: 16364 pred_wrong:136 actu_right: 16371 actu_wrong: 129,44659,318,44341,8.452823569774628,0.4250894695858861,37.35009765625,0.22166315410497725,4566.4765625
MSTGAD,ecc058b0,FITS,true,FreDF-style,1.0,1.0,pr:0.7750  rc:0.9612  auc:0.9918 ap:0.9375 f1: 0.8581 pred_right: 16340 pred_wrong:160 actu_right: 16371 actu_wrong: 129,44659,318,44341,8.466898880799612,0.41467653629100043,37.35009765625,0.21153057825757726,4557.16796875
MSTGAD,eef2f2cd,FITS,true,FreDF-style,0.5,1.0,pr:0.7740  rc:0.8760  auc:0.9896 ap:0.9265 f1: 0.8218 pred_right: 16354 pred_wrong:146 actu_right: 16371 actu_wrong: 129,44659,318,44341,8.464100671609243,0.41824492222523163,37.35009765625,0.2188848579849088,4549.12109375
MSTGAD,92921cec,FITS,true,FreDF-style,0.1,1.0,pr:0.7248  rc:0.8372  auc:0.9625 ap:0.8876 f1: 0.7770 pred_right: 16351 pred_wrong:149 actu_right: 16371 actu_wrong: 129,44659,318,44341,8.465114181041718,0.41964475423079795,37.35009765625,0.21673132399919856,4568.29296875
MSTGAD,20cd2e17,FITS,true,FreDF-style,1.0,0.5,pr:0.7987  rc:0.9845  auc:0.9940 ap:0.9774 f1: 0.8819 pred_right: 16341 pred_wrong:159 actu_right: 16371 actu_wrong: 129,44659,318,44341,8.404045023123423,0.4189148496455656,37.35009765625,0.21968960975788343,4586.02734375
MSTGAD,82e72700,FITS_LPF,true,Normal-Recreation,1.0,0.5,pr:0.9426  rc:0.8915  auc:0.9734 ap:0.9625 f1: 0.9163 pred_right: 16378 pred_wrong:122 actu_right: 16371 actu_wrong: 129,44431,90,44341,2.4853448568388474,0.10334410271242715,27.93603515625,0.15168338212436783,4577.6328125
MSTGAD,82e72700,FITS_LPF,true,Normal-Recreation,1.0,0.5,pr:0.9426  rc:0.8915  auc:0.9734 ap:0.9625 f1: 0.9163 pred_right: 16378 pred_wrong:122 actu_right: 16371 actu_wrong: 129,44431,90,44341,2.363328531176545,0.0997849103582169,27.93603515625,0.14395829238937205,4581.36328125
MSTGAD,f87e8c05,FITS_Pai,true,Normal-Recreation,1.0,0.5,pr:0.9084  rc:0.9225  auc:0.9942 ap:0.9779 f1: 0.9154 pred_right: 16369 pred_wrong:131 actu_right: 16371 actu_wrong: 129,44953,612,44341,2.713038155907079,0.10178700394068944,27.91259765625,0.14571308448367395,4530.8984375
MSTGAD,f8ccf485,iTransformer,true,FreDF-style,1.0,0.1,pr:0.8872  rc:0.9147  auc:0.9842 ap:0.9611 f1: 0.9008 pred_right: 16367 pred_wrong:133 actu_right: 16371 actu_wrong: 129,650707,606366,44341,11.950670057154717,0.517142050150833,48.9296875,0.6040550603598659,3341.82421875
MSTGAD,058f6f5c,DLinear,true,FreDF-style,1.0,0.1,pr:0.8146  rc:0.9535  auc:0.9938 ap:0.9409 f1: 0.8786 pred_right: 16349 pred_wrong:151 actu_right: 16371 actu_wrong: 129,45001,660,44341,7.98387761036555,0.3923092127843881,37.78466796875,0.14580942098066896,3156.03515625
MSTGAD,df90b8bb,iTransformer,false,FreDF-style,1.0,0.1,pr:0.8963  rc:0.9380  auc:0.9822 ap:0.9589 f1: 0.9167 pred_right: 16365 pred_wrong:135 actu_right: 16371 actu_wrong: 129,246997,202656,44341,11.35789649303143,0.4953834364960027,54.10302734375,0.6830331741944089,3303.71875
MSTGAD,6b180e09,DLinear,false,FreDF-style,1.0,0.1,pr:0.8643  rc:0.9380  auc:0.9790 ap:0.9558 f1: 0.8996 pred_right: 16360 pred_wrong:140 actu_right: 16371 actu_wrong: 129,45095,754,44341,8.284542797779551,0.3985211542816983,38.23583984375,0.15453549822290288,3141.859375
MSTGAD,dd2addcd,FITS,false,FreDF-style,1.0,0.1,pr:0.8601  rc:0.9535  auc:0.9939 ap:0.9594 f1: 0.9044 pred_right: 16357 pred_wrong:143 actu_right: 16371 actu_wrong: 129,45087,746,44341,10.242871504624684,0.5699707177310799,58.458984375,0.32929863503262413,4380.8203125,20
MSTGAD,9914d169,FITS,false,FreDF-style,1.0,0.1,pr:0.8986  rc:0.9612  auc:0.9888 ap:0.9626 f1: 0.9288 pred_right: 16362 pred_wrong:138 actu_right: 16371 actu_wrong: 129,45027,686,44341,10.017626606623331,0.5595255351387332,46.32958984375,0.281482462747571,3674.5234375,14
MSTGAD,ff39a66e,FITS,false,FreDF-style,1.0,0.1,pr:0.9058  rc:0.9690  auc:0.9919 ap:0.9613 f1: 0.9363 pred_right: 16362 pred_wrong:138 actu_right: 16371 actu_wrong: 129,44985,644,44341,7.760059180544384,0.35521235493072156,34.1103515625,0.2258826199666329,2958.88671875,8
MSTGAD,e92bd867,encoder_decoder,false,FreDF-style,1.0,0.1,pr:0.9542  rc:0.9690  auc:0.9920 ap:0.9770 f1: 0.9615 pred_right: 16369 pred_wrong:131 actu_right: 16371 actu_wrong: 129,70965,26624,44341,14.786690807167863,0.4651994935996788,39.21923828125,0.8198045280964865,2986.48828125,8
MSTGAD,bcc46869,FITS,false,FreDF-style,1.0,0.1,pr:0.9542  rc:0.9690  auc:0.9865 ap:0.9735 f1: 0.9615 pred_right: 16369 pred_wrong:131 actu_right: 16371 actu_wrong: 129,44967,626,44341,5.117705964247386,0.21551621230842108,26.3642578125,0.2295278021654063,2488.08203125,4
MSTGAD,53ce4087,encoder_decoder,false,FreDF-style,1.0,0.1,pr:0.9375  rc:0.9302  auc:0.9866 ap:0.9680 f1: 0.9339 pred_right: 16372 pred_wrong:128 actu_right: 16371 actu_wrong: 129,68613,24272,44341,15.346635878470636,0.4661429529406549,24.6337890625,0.6882789029585134,2399.34765625,4
MSTGAD,f5411591,FITS,false,FreDF-style,1.0,0.1,pr:0.9365  rc:0.9147  auc:0.9624 ap:0.9484 f1: 0.9255 pred_right: 16374 pred_wrong:126 actu_right: 16371 actu_wrong: 129,44997,656,44341,6.231701222260793,0.438752771207692,38.24365234375,0.23699198664125395,3187.0859375,70%
MSTGAD,f4b58b67,encoder_decoder,false,FreDF-style,1.0,0.1,pr:0.9360  rc:0.9070  auc:0.9787 ap:0.9751 f1: 0.9213 pred_right: 16375 pred_wrong:125 actu_right: 16371 actu_wrong: 129,72717,28376,44341,10.542913308957727,0.4943765570714099,48.66015625,1.1111916857284483,3178.73828125,70%
MSTGAD,a48f471c,FITS,false,FreDF-style,1.0,0.1,pr:0.9457  rc:0.9457  auc:0.9674 ap:0.9521 f1: 0.9457 pred_right: 16371 pred_wrong:129 actu_right: 16371 actu_wrong: 129,44997,656,44341,4.421889979044597,0.43561867248206815,38.24365234375,0.27284783228243176,3167.54296875,50%
MSTGAD,705c9a4a,encoder_decoder,false,FreDF-style,1.0,0.1,pr:0.9370  rc:0.9225  auc:0.9710 ap:0.9693 f1: 0.9297 pred_right: 16373 pred_wrong:127 actu_right: 16371 actu_wrong: 129,72717,28376,44341,7.428701127135514,0.45829263106834656,48.66015625,0.982370336684223,3217.25390625,50%
MSTGAD,08914123,FITS,false,FreDF-style,1.0,0.1,pr:0.8870  rc:0.7907  auc:0.9690 ap:0.9376 f1: 0.8361 pred_right: 16385 pred_wrong:115 actu_right: 16371 actu_wrong: 129,44997,656,44341,2.556100814430802,0.43230949442898237,38.24365234375,0.2393291442606596,3160.8203125,0.3
MSTGAD,e6c6d303,encoder_decoder,false,FreDF-style,1.0,0.1,pr:0.8837  rc:0.8837  auc:0.9499 ap:0.9128 f1: 0.8837 pred_right: 16371 pred_wrong:129 actu_right: 16371 actu_wrong: 129,72717,28376,44341,4.266840409774047,0.43682996313228484,49.6474609375,0.975651934840903,3157.51171875,0.3
MSTGAD,3c1b2717,FITS,false,FreDF-style,1.0,0.5,pr:0.9313  rc:0.9457  auc:0.9919 ap:0.9770 f1: 0.9385 pred_right: 16369 pred_wrong:131 actu_right: 16371 actu_wrong: 129,44997,656,44341,8.816178187131882,0.4359966307718171,38.24365234375,0.23976921393924036,3198.3828125,1.0
MSTGAD,3e01a626,FreTS,false,FreDF-style,1.0,0.5,pr:0.9111  rc:0.9535  auc:0.9940 ap:0.9697 f1: 0.9318 pred_right: 16365 pred_wrong:135 actu_right: 16371 actu_wrong: 129,46445,2104,44341,8.80068243913545,0.4286734700131687,42.5517578125,0.2777504479179679,3172.38671875,1.0
MSTGAD,eb47c142,TimesNet,false,FreDF-style,1.0,0.1,pr:0.9111  rc:0.9535  auc:0.9891 ap:0.9600 f1: 0.9318 pred_right: 16365 pred_wrong:135 actu_right: 16371 actu_wrong: 129,62827,18486,44341,13.318983182615163,0.6455769102799985,40.970703125,1.056845289322693,3522.59375,1.0
MSTGAD,af4e678b,FreTS,false,FreDF-style,1.0,0.1,pr:0.9323  rc:0.9612  auc:0.9998 ap:0.9788 f1: 0.9466 pred_right: 16367 pred_wrong:133 actu_right: 16371 actu_wrong: 129,46445,2104,44341,8.70061935664375,0.42361130973783995,42.5517578125,0.24965809835193403,3215.6875,1.0
MSTGAD,0f5453d3,FEDformerModel,false,FreDF-style,1.0,0.1,pr:0.9214  rc:1.0000  auc:0.9998 ap:0.9691 f1: 0.9591 pred_right: 16360 pred_wrong:140 actu_right: 16371 actu_wrong: 129,525616,481275,44341,16.660242222150167,0.8531073862681187,90.17626953125,1.57634077568077,3363.18359375,1.0
MSTGAD,0f5453d3,FEDformerModel,false,FreDF-style,1.0,0.1,pr:0.9535  rc:0.9535  auc:0.9922 ap:0.9809 f1: 0.9535 pred_right: 16371 pred_wrong:129 actu_right: 16371 actu_wrong: 129,62175,17834,44341,16.353047452755828,0.8089486513747759,41.2548828125,0.832410180775334,3327.6875,1.0
MSTGAD,1631babb,FITS,false,FreDF-style,1.0,0.1,pr:0.9130  rc:0.9767  auc:0.9925 ap:0.9639 f1: 0.9438 pred_right: 16362 pred_wrong:138 actu_right: 16371 actu_wrong: 129,44997,656,44341,8.78067565356753,0.4322834824347168,38.24365234375,0.23709922512348583,3200.8515625,1.0
MSTGAD,1631babb,FITS,false,FreDF-style,1.0,0.1,pr:0.8993  rc:0.9690  auc:0.9884 ap:0.9658 f1: 0.9328 pred_right: 16361 pred_wrong:139 actu_right: 16371 actu_wrong: 129,45157,816,44341,9.390327060377443,0.45525674312612074,38.27294921875,0.2842153964182323,3184.1171875,1.0
MSTGAD,1631babb,FITS,false,FreDF-style,1.0,0.1,pr:0.9130  rc:0.9767  auc:0.9959 ap:0.9727 f1: 0.9438 pred_right: 16362 pred_wrong:138 actu_right: 16371 actu_wrong: 129,46625,2284,44341,8.980270247126734,0.4379956507070009,38.44873046875,0.25913719637837157,3209.78515625,1.0
MSTGAD,fa29584b,FITS_Legendre,false,FreDF-style,1.0,0.1,pr:0.8786  rc:0.9535  auc:0.9842 ap:0.9564 f1: 0.9145 pred_right: 16360 pred_wrong:140 actu_right: 16371 actu_wrong: 129,44981,640,44341,9.188746431221565,0.5169519765321466,38.23974609375,0.27215067526571635,3203.828125,1.0
MSTGAD,fa29584b,FITS_Legendre,false,FreDF-style,1.0,0.1,pr:0.9130  rc:0.9767  auc:0.9863 ap:0.9684 f1: 0.9438 pred_right: 16362 pred_wrong:138 actu_right: 16371 actu_wrong: 129,44933,592,44341,8.808199446201325,0.46171351841517855,38.23974609375,0.24692433648528414,3208.64453125,1.0
MSTGAD,637d31a4,FITS_Legendre,false,Legendre-style,1.0,0.1,pr:0.9478  rc:0.9845  auc:0.9979 ap:0.9822 f1: 0.9658 pred_right: 16366 pred_wrong:134 actu_right: 16371 actu_wrong: 129,44933,592,44341,4.128685839204903,0.19789458261730425,39.07470703125,0.25411323380912054,3199.6328125,1.0
MSTGAD,80b6d938,FITS_chebyshev,false,chebyshev-style,1.0,0.1,pr:0.9179  rc:0.9535  auc:0.9888 ap:0.9763 f1: 0.9354 pred_right: 16366 pred_wrong:134 actu_right: 16371 actu_wrong: 129,44933,592,44341,3.802397964000702,0.18331283505491633,39.07470703125,0.246556875453477,3195.50390625,1.0
MSTGAD,e2188f59,FITS_lag,false,lag-style,1.0,0.1,pr:0.9058  rc:0.9690  auc:0.9939 ap:0.9647 f1: 0.9363 pred_right: 16362 pred_wrong:138 actu_right: 16371 actu_wrong: 129,44933,592,44341,3.8806322026252746,0.1927886616307251,39.07470703125,0.2807473537812173,3166.515625,1.0
MSTGAD,a36e7ac6,FITS_hermite,false,hermite-style,1.0,0.1,pr:0.8370  rc:0.8760  auc:0.9858 ap:0.9309 f1: 0.8561 pred_right: 16365 pred_wrong:135 actu_right: 16371 actu_wrong: 129,44933,592,44341,3.702927749623697,0.18239258323254445,39.07470703125,0.23784683054247377,3204.2578125,1.0
MSTGAD,dfcb54fb,FITS_Legendre,false,Legendre-style,1.0,0.1,pr:0.9048  rc:0.7364  auc:0.9141 ap:0.8979 f1: 0.8120 pred_right: 16395 pred_wrong:105 actu_right: 16371 actu_wrong: 129,44933,592,44341,1.123920586004675,0.20100146542746936,39.07470703125,0.27016530262091454,3155.9296875,0.3
MSTGAD,aee58c0c,FITS_Legendre,false,Legendre-style,1.0,0.1,pr:0.9248  rc:0.9535  auc:0.9839 ap:0.9598 f1: 0.9389 pred_right: 16367 pred_wrong:133 actu_right: 16371 actu_wrong: 129,44933,592,44341,2.0763304527600606,0.2105706323782128,39.07470703125,0.26833505168762023,3138.9296875,0.5
MSTGAD,56d3ded3,FITS_Legendre,false,Legendre-style,1.0,0.1,pr:0.9118  rc:0.9612  auc:0.9858 ap:0.9609 f1: 0.9358 pred_right: 16364 pred_wrong:136 actu_right: 16371 actu_wrong: 129,44933,592,44341,2.962992609715929,0.21205307891535602,39.07470703125,0.2755812378750543,3171.25390625,0.7
MSTGAD,e5615d39,FITS_Legendre,false,Legendre-style,1.0,0.1,pr:0.9333  rc:0.8682  auc:0.9769 ap:0.9586 f1: 0.8996 pred_right: 16380 pred_wrong:120 actu_right: 16371 actu_wrong: 129,44933,592,44341,1.1138422765022467,0.18468081787255305,39.07470703125,0.23357097217584896,3170.953125,0.3,43
MSTGAD,1d00f44a,FITS_Legendre,false,Legendre-style,1.0,0.1,pr:0.9550  rc:0.8217  auc:0.9422 ap:0.9457 f1: 0.8833 pred_right: 16389 pred_wrong:111 actu_right: 16371 actu_wrong: 129,44933,592,44341,1.2016663366509963,0.20452671085227697,39.07470703125,0.27846534738124523,3160.8203125,0.3,44
MSTGAD,8b13de2d,FITS_Legendre,false,Legendre-style,1.0,0.1,pr:0.7845  rc:0.7054  auc:0.9086 ap:0.8558 f1: 0.7429 pred_right: 16384 pred_wrong:116 actu_right: 16371 actu_wrong: 129,44933,592,44341,1.2410785601689265,0.21012656787021816,39.07470703125,0.26406019088827204,3142.953125,0.3,45
MSTGAD,7c386913,FITS_Legendre,false,Legendre-style,1.0,0.1,pr:0.8511  rc:0.6202  auc:0.8823 ap:0.8478 f1: 0.7175 pred_right: 16406 pred_wrong:94 actu_right: 16371 actu_wrong: 129,44933,592,44341,1.2392645595835992,0.20165026950323148,39.07470703125,0.2549861051761242,3158.44921875,0.3,46
MSTGAD,adab89c9,FITS_Legendre,false,Legendre-style,1.0,0.1,pr:0.9297  rc:0.9225  auc:0.9695 ap:0.9528 f1: 0.9261 pred_right: 16372 pred_wrong:128 actu_right: 16371 actu_wrong: 129,44933,592,44341,2.151882338321815,0.22623605494433652,39.07470703125,0.2769362192558658,3194.74609375,0.5,43
MSTGAD,ea791e56,FITS_Legendre,false,Legendre-style,1.0,0.1,pr:0.9242  rc:0.9457  auc:0.9824 ap:0.9716 f1: 0.9349 pred_right: 16368 pred_wrong:132 actu_right: 16371 actu_wrong: 129,44933,592,44341,2.1260008978096034,0.2194359249792196,39.07470703125,0.2684060927286735,3159.51953125,0.5,44
MSTGAD,f6a70738,FITS_Legendre,false,Legendre-style,1.0,0.1,pr:0.9606  rc:0.9457  auc:0.9784 ap:0.9702 f1: 0.9531 pred_right: 16373 pred_wrong:127 actu_right: 16371 actu_wrong: 129,44933,592,44341,2.0841881672541303,0.23327950467909445,39.07470703125,0.26259818478964503,3141.390625,0.5,45
MSTGAD,62fbe603,FITS_Legendre,false,Legendre-style,1.0,0.1,pr:0.8963  rc:0.9380  auc:0.9784 ap:0.9559 f1: 0.9167 pred_right: 16365 pred_wrong:135 actu_right: 16371 actu_wrong: 129,44933,592,44341,2.106956241130829,0.22041064511496936,39.07470703125,0.28492431047785016,3177.53125,0.5,46
MSTGAD,c946008f,FITS_Legendre,false,Legendre-style,1.0,0.1,pr:0.9044  rc:0.9535  auc:0.9920 ap:0.9640 f1: 0.9283 pred_right: 16364 pred_wrong:136 actu_right: 16371 actu_wrong: 129,44933,592,44341,2.9561008548736574,0.2141564751697456,39.07470703125,0.28341100091928506,3149.6484375,0.7,43
MSTGAD,19acae67,FITS_Legendre,false,Legendre-style,1.0,0.1,pr:0.8832  rc:0.9380  auc:0.9785 ap:0.9613 f1: 0.9098 pred_right: 16363 pred_wrong:137 actu_right: 16371 actu_wrong: 129,44933,592,44341,2.990365611671082,0.21551190802100456,39.01220703125,0.29610803721553897,3153.02734375,0.7,44
MSTGAD,300e0605,FITS_Legendre,false,Legendre-style,1.0,0.1,pr:0.9225  rc:0.9225  auc:0.9732 ap:0.9649 f1: 0.9225 pred_right: 16371 pred_wrong:129 actu_right: 16371 actu_wrong: 129,44933,592,44341,3.0071342254000086,0.2150953877706123,39.07470703125,0.2724325592761544,3153.171875,0.7,45
MSTGAD,815c3a78,FITS_Legendre,false,Legendre-style,1.0,0.1,pr:0.8483  rc:0.9535  auc:0.9920 ap:0.9714 f1: 0.8978 pred_right: 16355 pred_wrong:145 actu_right: 16371 actu_wrong: 129,44933,592,44341,3.0095029024151265,0.20933761642282764,39.07470703125,0.27739253503009365,3164.15234375,0.7,46
MSTGAD,cd01c6bf,FITS_Legendre,false,Legendre-style,1.0,0.1,pr:0.9209  rc:0.9922  auc:0.9940 ap:0.9732 f1: 0.9552 pred_right: 16361 pred_wrong:139 actu_right: 16371 actu_wrong: 129,44933,592,44341,3.9326557823430712,0.21474068704936866,39.07470703125,0.2681550620490038,3246.53125,1.0,43
MSTGAD,a298fd60,FITS_Legendre,false,Legendre-style,1.0,0.1,pr:0.9328  rc:0.9690  auc:0.9833 ap:0.9717 f1: 0.9506 pred_right: 16366 pred_wrong:134 actu_right: 16371 actu_wrong: 129,44933,592,44341,4.164463075905739,0.20961212869611104,39.01611328125,0.26757355158156576,3212.55078125,1.0,44
MSTGAD,6afeb55d,FITS_Legendre,false,Legendre-style,1.0,0.1,pr:0.8811  rc:0.9767  auc:0.9868 ap:0.9543 f1: 0.9265 pred_right: 16357 pred_wrong:143 actu_right: 16371 actu_wrong: 129,44933,592,44341,4.172283057371775,0.21069120690983636,39.07470703125,0.2629635794320936,3169.83984375,1.0,45
MSTGAD,3d3c3107,FITS_Legendre,false,Legendre-style,1.0,0.1,pr:0.9191  rc:0.9690  auc:0.9919 ap:0.9664 f1: 0.9434 pred_right: 16364 pred_wrong:136 actu_right: 16371 actu_wrong: 129,44933,592,44341,4.185371130307516,0.2076054474442431,39.07470703125,0.2624321610929007,3219.1015625,1.0,46
MSTGAD,92d1dbe5,FITS,false,FreDF-style,1.0,0.1,pr:0.7879  rc:0.6047  auc:0.8882 ap:0.8119 f1: 0.6842 pred_right: 16401 pred_wrong:99 actu_right: 16371 actu_wrong: 129,44997,656,44341,2.5657117910552443,0.43556847261655707,38.24365234375,0.246359357132715,3302.4921875,0.3,43
MSTGAD,624b11d3,FITS,false,FreDF-style,1.0,0.1,pr:0.7303  rc:0.5039  auc:0.7797 ap:0.7318 f1: 0.5963 pred_right: 16411 pred_wrong:89 actu_right: 16371 actu_wrong: 129,44997,656,44341,2.5648894404733418,0.4341570391885834,38.24365234375,0.23834019881554586,3181.34375,0.3,44
MSTGAD,9e54409d,FITS,false,FreDF-style,1.0,0.1,pr:0.8558  rc:0.6899  auc:0.9404 ap:0.8953 f1: 0.7639 pred_right: 16396 pred_wrong:104 actu_right: 16371 actu_wrong: 129,44997,656,44341,2.5650696682929994,0.4317711592433129,38.24365234375,0.2402589482172335,3281.47265625,0.3,45
MSTGAD,2ec3d77d,FITS,false,FreDF-style,1.0,0.1,pr:0.7822  rc:0.6124  auc:0.9307 ap:0.8340 f1: 0.6870 pred_right: 16399 pred_wrong:101 actu_right: 16371 actu_wrong: 129,44997,656,44341,2.556387300491333,0.4361946210844105,38.24365234375,0.2334103638443203,3215.4140625,0.3,46
MSTGAD,230da6ac,FITS,false,FreDF-style,1.0,0.1,pr:0.8931  rc:0.9070  auc:0.9858 ap:0.9446 f1: 0.9000 pred_right: 16369 pred_wrong:131 actu_right: 16371 actu_wrong: 129,44997,656,44341,4.346232235431671,0.44224038497459656,38.24365234375,0.23919475769754378,3242.34765625,0.5,43
MSTGAD,399c258f,FITS,false,FreDF-style,1.0,0.1,pr:0.8561  rc:0.9225  auc:0.9857 ap:0.9417 f1: 0.8881 pred_right: 16361 pred_wrong:139 actu_right: 16371 actu_wrong: 129,44997,656,44341,4.332284708023071,0.4435456179603444,38.24365234375,0.2598633541009131,3275.8359375,0.5,44
MSTGAD,ae5abd81,FITS,false,FreDF-style,1.0,0.1,pr:0.9160  rc:0.9302  auc:0.9748 ap:0.9616 f1: 0.9231 pred_right: 16369 pred_wrong:131 actu_right: 16371 actu_wrong: 129,44997,656,44341,4.326601285934448,0.4344502122403616,38.24365234375,0.2584174515883223,3183.53125,0.5,45
MSTGAD,085a438d,FITS,false,FreDF-style,1.0,0.1,pr:0.8504  rc:0.8372  auc:0.9815 ap:0.9369 f1: 0.8438 pred_right: 16373 pred_wrong:127 actu_right: 16371 actu_wrong: 129,44997,656,44341,4.31804571390152,0.4325622813970973,38.24365234375,0.24891747590388213,3215.8828125,0.5,46
MSTGAD,1e4224de,FITS,false,FreDF-style,1.0,0.1,pr:0.8889  rc:0.9302  auc:0.9918 ap:0.9485 f1: 0.9091 pred_right: 16365 pred_wrong:135 actu_right: 16371 actu_wrong: 129,44997,656,44341,6.067057522460543,0.4381327517931859,38.24365234375,0.24020037676713743,3251.546875,0.7,43
MSTGAD,87b71fbb,FITS,false,FreDF-style,1.0,0.1,pr:0.9147  rc:0.9147  auc:0.9746 ap:0.9632 f1: 0.9147 pred_right: 16371 pred_wrong:129 actu_right: 16371 actu_wrong: 129,44997,656,44341,6.041701142217072,0.4330963116524395,38.24365234375,0.25113656431062453,3225.671875,0.7,44
MSTGAD,e86d4224,FITS,false,FreDF-style,1.0,0.1,pr:0.8429  rc:0.9147  auc:0.9878 ap:0.9299 f1: 0.8773 pred_right: 16360 pred_wrong:140 actu_right: 16371 actu_wrong: 129,44997,656,44341,6.084921951114007,0.43575668562976316,38.24365234375,0.24419171469552176,3228.8671875,0.7,45
MSTGAD,bf1a1972,FITS,false,FreDF-style,1.0,0.1,pr:0.8769  rc:0.8837  auc:0.9802 ap:0.9379 f1: 0.8803 pred_right: 16370 pred_wrong:130 actu_right: 16371 actu_wrong: 129,44997,656,44341,6.06412041982015,0.4366971304939667,38.24365234375,0.26243608010720154,3190.9609375,0.7,46
MSTGAD,d46143c2,FITS,false,FreDF-style,1.0,0.1,pr:0.9259  rc:0.9690  auc:0.9885 ap:0.9733 f1: 0.9470 pred_right: 16365 pred_wrong:135 actu_right: 16371 actu_wrong: 129,44997,656,44341,8.71748421438809,0.4351491796991744,38.23583984375,0.24029436185555192,3275.37890625,1.0,43
MSTGAD,6e074e00,FITS,false,FreDF-style,1.0,0.1,pr:0.9118  rc:0.9612  auc:0.9863 ap:0.9711 f1: 0.9358 pred_right: 16364 pred_wrong:136 actu_right: 16371 actu_wrong: 129,44997,656,44341,8.724603867063335,0.43858903792541465,38.24365234375,0.24602054053270667,3209.5859375,1.0,44
MSTGAD,01532edc,FITS,false,FreDF-style,1.0,0.1,pr:0.8531  rc:0.9457  auc:0.9881 ap:0.9531 f1: 0.8971 pred_right: 16357 pred_wrong:143 actu_right: 16371 actu_wrong: 129,44997,656,44341,8.694661582191035,0.43595223161750973,38.24365234375,0.23623711323210814,3217.2421875,1.0,45
MSTGAD,01557fcd,FITS,false,FreDF-style,1.0,0.1,pr:0.8978  rc:0.9535  auc:0.9922 ap:0.9654 f1: 0.9248 pred_right: 16363 pred_wrong:137 actu_right: 16371 actu_wrong: 129,44997,656,44341,8.692793854351702,0.43774775238857966,38.23583984375,0.23869362265067548,3206.296875,1.0,46
