model,hash_id,datasource,FREQ_DOMAIN,basis_type,MULTI_FITS,req_loss_approach,rec_lambda,auxi_lambda,filter_used,modules_attn,info_dict,total_params,reconstruction_params,common_params,training_time_per_epoch,inference_time_per_sample_ms (GPU),peak_memory_mb (GPU),inference_time_per_sample_ms (CPU),peak_memory_mb (CPU),throughput_samples_per_sec (GPU),throughput_samples_per_sec (CPU),energy_per_sample_joules (GPU),energy_per_sample_joules (CPU),(benchmark_result) parameters_million,(benchmark_result) flops_million,(benchmark_result) inference_time_ms,(benchmark_result) inference_memory_mb,fewshot_ratio,experiment_name,random_seed,use_normlin,degree
MSTGAD,87e0d6ae,SN,FITS_Legendre,legendre,false,Legendre-style,1.0,0.1,LPF,linear_attn,pr:0.9753  rc:0.9525  auc:0.9956 ap:0.9916 f1: 0.9638 pred_right: 17905 pred_wrong:1295 actu_right: 17874 actu_wrong: 1326,4613,1523,3090,1.706274844010671,0.10945482985008634,41.859375,0.20865124743819166,1741.09375,9136.18888604221,4792.6864194580385,0.00565323250692711,0.013562331083482457,0.004613,40.8768,17.685747146606445,41.58203125,1.0,RQ3_sensitivity,1,True,1
MSTGAD,1d89d6ca,SN,FITS_Legendre,legendre,false,Legendre-style,1.0,0.1,LPF,linear_attn,pr:0.9753  rc:0.9525  auc:0.9956 ap:0.9916 f1: 0.9638 pred_right: 17905 pred_wrong:1295 actu_right: 17874 actu_wrong: 1326,4613,1523,3090,1.7117198181152344,0.13467090808417354,41.859375,0.2685256182828689,1733.08203125,7425.508702851908,3724.0394655625933,0.006946864122614008,0.017454165188386477,0.004613,40.8768,8.574986457824707,41.58203125,1.0,RQ3_sensitivity,1,True,3
MSTGAD,aaf887d3,SN,FITS_Legendre,legendre,false,Legendre-style,1.0,0.1,LPF,linear_attn,pr:0.9753  rc:0.9525  auc:0.9956 ap:0.9916 f1: 0.9638 pred_right: 17905 pred_wrong:1295 actu_right: 17874 actu_wrong: 1326,4613,1523,3090,1.7276912434895833,0.13787067524393753,41.859375,0.2667222501830692,1737.07421875,7253.174021456547,3749.2185196909277,0.007088207155641317,0.017336946261899498,0.004613,40.8768,8.41073989868164,41.58203125,1.0,RQ3_sensitivity,1,True,5
MSTGAD,ad4613a5,SN,FITS_Legendre,legendre,false,Legendre-style,1.0,0.1,LPF,linear_attn,pr:0.9753  rc:0.9525  auc:0.9956 ap:0.9916 f1: 0.9638 pred_right: 17905 pred_wrong:1295 actu_right: 17874 actu_wrong: 1326,4613,1523,3090,1.7941748611132304,0.3326071128913213,41.859375,1.1245316150141698,1733.27734375,3006.5502547648402,889.2591249979214,0.01677187997110132,0.07309455497592103,0.004613,40.8768,20.96426486968994,41.58203125,1.0,RQ3_sensitivity,1,True,7
MSTGAD,87e0d6ae,SN,FITS_Legendre,legendre,false,Legendre-style,1.0,0.1,LPF,linear_attn,pr:0.9753  rc:0.9532  auc:0.9950 ap:0.9911 f1: 0.9641 pred_right: 17904 pred_wrong:1296 actu_right: 17874 actu_wrong: 1326,4561,1471,3090,1.8378308121363323,0.1217416093523702,41.859375,0.1944384968712864,1735.0703125,8214.118453992089,5143.014454910007,0.006269571140037713,0.012638502296633616,0.004561,34.7328,7.14111328125,41.58203125,1.0,RQ3_sensitivity,1,True,1
MSTGAD,680ba932,TT,FITS_Legendre,legendre,false,Legendre-style,1.0,0.1,LPF,linear_attn,pr:0.9322  rc:0.9781  auc:0.9994 ap:0.9951 f1: 0.9546 pred_right: 454264 pred_wrong:15536 actu_right: 454992 actu_wrong: 14808,14790,1471,13319,23.719686584472655,0.23765559409981343,138.791015625,0.7833735403593044,5679.05859375,4207.769666806194,1276.5302227866123,0.014770889312288656,0.05091928012335478,0.01479,253.3716,11.534929275512695,131.52587890625,1.0,RQ3_sensitivity,1,True,1
MSTGAD,42a4c3b9,TT,FITS_Legendre,legendre,false,Legendre-style,1.0,0.1,LPF,linear_attn,pr:0.9412  rc:0.9691  auc:0.9995 ap:0.9947 f1: 0.9549 pred_right: 454554 pred_wrong:15246 actu_right: 454992 actu_wrong: 14808,14892,1573,13319,23.054812994003296,0.19163983735917767,138.791015625,0.8152185433493964,5750.7421875,5218.121731786733,1226.6649331741314,0.011707852583784243,0.052989205317710765,0.014892,274.5396,21.97697162628174,131.52587890625,1.0,RQ3_sensitivity,1,True,7
MSTGAD,96674f08,SN,FITS_Legendre,legendre,false,Legendre-style,1.0,0.01,LPF,linear_attn,pr:0.9467  rc:0.9238  auc:0.9940 ap:0.9868 f1: 0.9351 pred_right: 17906 pred_wrong:1294 actu_right: 17874 actu_wrong: 1326,4613,1523,3090,1.8702704429626464,0.12286600893760677,41.859375,0.2987631289504216,1731.87109375,8138.947530295504,3347.133240681602,0.00634449353651567,0.019419603381777405,0.004613,40.8768,9.928297996520996,41.58203125,1.0,RQ3_sensitivity,1,True,5
MSTGAD,599afd8d,SN,FITS_Legendre,legendre,false,Legendre-style,1.0,0.2,LPF,linear_attn,pr:0.9734  rc:0.9653  auc:0.9946 ap:0.9916 f1: 0.9693 pred_right: 17885 pred_wrong:1315 actu_right: 17874 actu_wrong: 1326,4613,1523,3090,1.8593964719772338,0.15306092215236,41.859375,0.2698406745334927,1757.56640625,6533.346238464312,3705.890528656679,0.00789044359787631,0.017539643844677023,0.004613,40.8768,9.804415702819824,41.58203125,1.0,RQ3_sensitivity,1,True,5
MSTGAD,51f18175,SN,FITS_Legendre,legendre,false,Legendre-style,1.0,0.5,LPF,linear_attn,pr:0.9787  rc:0.9698  auc:0.9961 ap:0.9937 f1: 0.9742 pred_right: 17886 pred_wrong:1314 actu_right: 17874 actu_wrong: 1326,4613,1523,3090,1.8748547397810837,0.4320446610521576,41.859375,0.9171228924466256,1734.453125,2314.5755292165904,1090.3664146167823,0.021600936918624723,0.059612988009030664,0.004613,40.8768,15.820860862731934,41.58203125,1.0,RQ3_sensitivity,1,True,5
MSTGAD,f24b9d71,SN,FITS_Legendre,legendre,false,Legendre-style,1.0,1.0,LPF,linear_attn,pr:0.9713  rc:0.9698  auc:0.9954 ap:0.9918 f1: 0.9706 pred_right: 17876 pred_wrong:1324 actu_right: 17874 actu_wrong: 1326,4613,1523,3090,1.8891997901598612,0.1278430215673509,41.859375,0.30161083559159785,1732.5703125,7822.092967922969,3315.530750208424,0.006573304639928481,0.01960470431345386,0.004613,40.8768,9.298276901245117,41.58203125,1.0,RQ3_sensitivity,1,True,5
MSTGAD,ec1d1116,MSDS,FITS_Legendre,legendre,false,Legendre-style,1.0,0.0,LPF,linear_attn,pr:0.9692  rc:0.9767  auc:0.9902 ap:0.9826 f1: 0.9730 pred_right: 16370 pred_wrong:130 actu_right: 16371 actu_wrong: 129,44015,1019,42996,7.3649508015314735,0.2830347037215612,40.38720703125,0.36708801290052634,2953.0546875,3533.1356432664247,2724.142344225717,0.014169990924468098,0.023860720838534213,0.044015,50.8325,11.73698902130127,40.13427734375,1.0,RQ3_sensitivity,1,True,5
MSTGAD,159d1f8b,MSDS,FITS_Legendre,legendre,false,Legendre-style,1.0,0.01,LPF,linear_attn,pr:0.9403  rc:0.9767  auc:0.9990 ap:0.9874 f1: 0.9582 pred_right: 16366 pred_wrong:134 actu_right: 16371 actu_wrong: 129,44015,1019,42996,7.0302812830607095,0.31911952354490436,40.38720703125,0.39777432240487853,2998.08984375,3133.6221265675294,2513.988318688254,0.01577375892930108,0.025855330956317105,0.044015,50.8325,9.737014770507812,40.13427734375,1.0,RQ3_sensitivity,1,True,5
MSTGAD,aea59f9c,MSDS,FITS_Legendre,legendre,false,Legendre-style,1.0,0.2,LPF,linear_attn,pr:0.9690  rc:0.9690  auc:0.9956 ap:0.9799 f1: 0.9690 pred_right: 16371 pred_wrong:129 actu_right: 16371 actu_wrong: 129,44015,1019,42996,7.058407356739044,0.2811715444689088,40.38720703125,0.39421699749661004,3038.94140625,3556.547665194397,2536.6739799407032,0.014088662578703611,0.025624104837279654,0.044015,50.8325,9.882640838623047,40.13427734375,1.0,RQ3_sensitivity,1,True,5
MSTGAD,e400d488,MSDS,FITS_Legendre,legendre,false,Legendre-style,1.0,0.5,LPF,linear_attn,pr:0.9609  rc:0.9535  auc:0.9854 ap:0.9781 f1: 0.9572 pred_right: 16372 pred_wrong:128 actu_right: 16371 actu_wrong: 129,44015,1019,42996,7.382852764924367,0.3288928098615885,40.38720703125,0.3860739270727291,2967.9296875,3040.504292024021,2590.1775019674374,0.016430498102255373,0.02509480525972739,0.044015,50.8325,9.61315631866455,40.13427734375,1.0,RQ3_sensitivity,1,True,5
MSTGAD,1f1831df,MSDS,FITS_Legendre,legendre,false,Legendre-style,1.0,1.0,LPF,linear_attn,pr:0.8993  rc:0.9690  auc:0.9871 ap:0.9665 f1: 0.9328 pred_right: 16361 pred_wrong:139 actu_right: 16371 actu_wrong: 129,44015,1019,42996,7.25453945795695,0.21999627732974072,40.38720703125,0.3214166040414832,2943.73046875,4545.531461430836,3111.2269479113047,0.01104436311264631,0.020892079262696407,0.044015,50.8325,7.403969764709473,40.13427734375,1.0,RQ3_sensitivity,1,True,5
MSTGAD,9617f66f,TT,FITS_Legendre,legendre,false,Legendre-style,1.0,0.0,LPF,linear_attn,pr:0.9455  rc:0.8235  auc:0.9974 ap:0.9749 f1: 0.8803 pred_right: 456902 pred_wrong:12898 actu_right: 454992 actu_wrong: 14808,14842,1523,13319,22.590443077087404,0.3534027485020809,138.791015625,0.7725362799608337,5852.87109375,2829.6327751794825,1294.4375894562495,0.020555140762500784,0.05021485819745419,0.014842,265.9156,10.660648345947266,131.52587890625,1.0,RQ3_sensitivity,1,True,5
MSTGAD,6f34ad58,TT,FITS_Legendre,legendre,false,Legendre-style,1.0,0.01,LPF,linear_attn,pr:0.9246  rc:0.9240  auc:0.9987 ap:0.9871 f1: 0.9243 pred_right: 455002 pred_wrong:14798 actu_right: 454992 actu_wrong: 14808,14842,1523,13319,23.071735744476317,0.22892378271652555,138.791015625,0.764468288312139,5825.48828125,4368.266102077702,1308.098733837461,0.013559384574082524,0.049690438740289035,0.014842,265.9156,11.046123504638672,131.52587890625,1.0,RQ3_sensitivity,1,True,5
MSTGAD,432ce7cb,TT,FITS_Legendre,legendre,false,Legendre-style,1.0,0.2,LPF,linear_attn,pr:0.9422  rc:0.9760  auc:0.9996 ap:0.9952 f1: 0.9588 pred_right: 454462 pred_wrong:15338 actu_right: 454992 actu_wrong: 14808,14842,1523,13319,22.49469895362854,0.22331900350261913,138.791015625,0.9127607575514013,5480.53515625,4477.899257634256,1095.5773369164438,0.013410082841328776,0.05932944924084108,0.014842,265.9156,8.336257934570312,131.52587890625,1.0,RQ3_sensitivity,1,True,5
MSTGAD,a9ab6072,TT,FITS_Legendre,legendre,false,Legendre-style,1.0,0.5,LPF,linear_attn,pr:0.9465  rc:0.9707  auc:0.9993 ap:0.9953 f1: 0.9584 pred_right: 454613 pred_wrong:15187 actu_right: 454992 actu_wrong: 14808,14842,1523,13319,22.49044735431671,0.22403762064078644,138.791015625,0.7537211944807821,6212.66015625,4463.536066575902,1326.750537629332,0.01329540057811715,0.04899187764125084,0.014842,265.9156,10.330462455749512,131.52587890625,1.0,RQ3_sensitivity,1,True,5
MSTGAD,53ab1cbf,TT,FITS_Legendre,legendre,false,Legendre-style,1.0,1.0,LPF,linear_attn,pr:0.9467  rc:0.9638  auc:0.9993 ap:0.9953 f1: 0.9552 pred_right: 454724 pred_wrong:15076 actu_right: 454992 actu_wrong: 14808,14842,1523,13319,22.64457745552063,0.24026501170529563,138.791015625,0.7984416356179799,5531.296875,4162.070843783865,1252.4396967675884,0.01419497702405472,0.05189870631516869,0.014842,265.9156,10.53915023803711,131.52587890625,1.0,RQ3_sensitivity,1,True,5
MSTGAD,5f72d89f,MSDS,FITS_Legendre,legendre,false,Legendre-style,1.0,0.0,LPF,linear_attn,pr:0.9481  rc:0.9922  auc:0.9978 ap:0.9845 f1: 0.9697 pred_right: 16365 pred_wrong:135 actu_right: 16371 actu_wrong: 129,44015,1019,42996,7.160067081451416,0.30726856110841305,40.38720703125,0.4238481658415672,2958.3828125,3254.4819957912055,2359.3354427155787,0.015235604333999552,0.027550130779701868,0.044015,50.8325,10.588574409484863,40.13427734375,1.0,RQ3_sensitivity,2,True,5
MSTGAD,94d6af54,MSDS,FITS_Legendre,legendre,false,Legendre-style,1.0,0.01,LPF,linear_attn,pr:0.9549  rc:0.9845  auc:0.9999 ap:0.9861 f1: 0.9695 pred_right: 16367 pred_wrong:133 actu_right: 16371 actu_wrong: 129,44015,1019,42996,7.065917354424794,0.30366099301171173,40.38720703125,0.4422655379209273,2935.08984375,3293.1460510683096,2261.0850592179536,0.015055663864017172,0.028747259964860276,0.044015,50.8325,9.68005657196045,40.13427734375,1.0,RQ3_sensitivity,2,True,5
MSTGAD,aafec959,MSDS,FITS_Legendre,legendre,false,Legendre-style,1.0,0.2,LPF,linear_attn,pr:0.9609  rc:0.9535  auc:0.9954 ap:0.9814 f1: 0.9572 pred_right: 16372 pred_wrong:128 actu_right: 16371 actu_wrong: 129,44015,1019,42996,7.117775905927022,0.29955091550545426,40.38720703125,0.42592859239686554,2934.4609375,3338.3306417629424,2347.8113886945503,0.014915089409389825,0.02768535850579626,0.044015,50.8325,9.775757789611816,40.13427734375,1.0,RQ3_sensitivity,2,True,5
MSTGAD,0520c65e,MSDS,FITS_Legendre,legendre,false,Legendre-style,1.0,0.5,LPF,linear_attn,pr:0.9549  rc:0.9845  auc:0.9960 ap:0.9819 f1: 0.9695 pred_right: 16367 pred_wrong:133 actu_right: 16371 actu_wrong: 129,44015,1019,42996,7.467073902007072,0.3038026908879072,40.38720703125,0.3887886639063186,2938.30078125,3291.6100811265223,2572.091454397336,0.015105069790946744,0.02527126315391071,0.044015,50.8325,10.56833267211914,40.13427734375,1.0,RQ3_sensitivity,2,True,5
MSTGAD,99eb16ed,MSDS,FITS_Legendre,legendre,false,Legendre-style,1.0,1.0,LPF,linear_attn,pr:0.9173  rc:0.9457  auc:0.9933 ap:0.9651 f1: 0.9313 pred_right: 16367 pred_wrong:133 actu_right: 16371 actu_wrong: 129,44015,1019,42996,7.000705395539602,0.3232008528723663,40.38720703125,0.3786628572654382,2950.59765625,3094.051241241326,2640.8716376927664,0.016086029648310542,0.024613085722253483,0.044015,50.8325,9.339570999145508,40.13427734375,1.0,RQ3_sensitivity,2,True,5
MSTGAD,b4e93629,TT,FITS_Legendre,legendre,false,Legendre-style,1.0,0.0,LPF,linear_attn,pr:0.9430  rc:0.8085  auc:0.9973 ap:0.9738 f1: 0.8706 pred_right: 457103 pred_wrong:12697 actu_right: 454992 actu_wrong: 14808,14842,1523,13319,22.71937710285187,0.24397034322079506,138.791015625,0.7973166612478403,5682.07421875,4098.858848163329,1254.2068272284066,0.014328012301842462,0.05182558298110962,0.014842,265.9156,11.166214942932129,131.52587890625,1.0,RQ3_sensitivity,2,True,5
MSTGAD,a3bb0fd3,TT,FITS_Legendre,legendre,false,Legendre-style,1.0,0.01,LPF,linear_attn,pr:0.9238  rc:0.9387  auc:0.9993 ap:0.9886 f1: 0.9312 pred_right: 454753 pred_wrong:15047 actu_right: 454992 actu_wrong: 14808,14842,1523,13319,22.88270549297333,0.2321563755740528,138.791015625,0.7748268091309084,5728.078125,4307.441471410385,1290.6109961807583,0.013644758817989381,0.05036374259350905,0.014842,265.9156,10.689091682434082,131.52587890625,1.0,RQ3_sensitivity,2,True,5
MSTGAD,2cd7016f,TT,FITS_Legendre,legendre,false,Legendre-style,1.0,0.2,LPF,linear_attn,pr:0.9538  rc:0.9595  auc:0.9996 ap:0.9948 f1: 0.9566 pred_right: 454902 pred_wrong:14898 actu_right: 454992 actu_wrong: 14808,14842,1523,13319,22.421016774177552,0.23099687578483782,138.791015625,0.7718361477901139,5618.45703125,4329.062878458367,1295.6117731245868,0.01375043552640615,0.050169349606357404,0.014842,265.9156,9.895730018615723,131.52587890625,1.0,RQ3_sensitivity,2,True,5
MSTGAD,5c6147b0,TT,FITS_Legendre,legendre,false,Legendre-style,1.0,0.5,LPF,linear_attn,pr:0.9565  rc:0.9529  auc:0.9995 ap:0.9952 f1: 0.9547 pred_right: 455048 pred_wrong:14752 actu_right: 454992 actu_wrong: 14808,14842,1523,13319,22.724806709289552,0.18282983650706802,138.791015625,0.898730919090122,5965.73828125,5469.566779169225,1112.6800900678961,0.011471475261799476,0.05841750974085794,0.014842,265.9156,22.42739200592041,131.52587890625,1.0,RQ3_sensitivity,2,True,5
MSTGAD,fd090a77,TT,FITS_Legendre,legendre,false,Legendre-style,1.0,1.0,LPF,linear_attn,pr:0.9540  rc:0.9514  auc:0.9994 ap:0.9945 f1: 0.9527 pred_right: 455032 pred_wrong:14768 actu_right: 454992 actu_wrong: 14808,14842,1523,13319,22.71103741645813,0.22639011597660735,138.791015625,0.7695875540119088,5569.1796875,4417.153971966378,1299.3973132581687,0.013375354442013938,0.05002319101077407,0.014842,265.9156,11.54322624206543,131.52587890625,1.0,RQ3_sensitivity,2,True,5
MSTGAD,8ca6a98f,MSDS,FITS_Legendre,legendre,false,Legendre-style,1.0,0.0,LPF,linear_attn,pr:0.9685  rc:0.9535  auc:0.9887 ap:0.9762 f1: 0.9609 pred_right: 16373 pred_wrong:127 actu_right: 16371 actu_wrong: 129,44015,1019,42996,6.972458368937175,0.3083262241178833,40.38720703125,0.43547944401241107,2936.56640625,3243.318024151157,2296.3196397658216,0.015211120103743713,0.028306163860806716,0.044015,50.8325,10.231328010559082,40.13427734375,1.0,RQ3_sensitivity,3,True,5
MSTGAD,99d63d00,MSDS,FITS_Legendre,legendre,false,Legendre-style,1.0,0.01,LPF,linear_attn,pr:0.9259  rc:0.9690  auc:0.9908 ap:0.9775 f1: 0.9470 pred_right: 16365 pred_wrong:135 actu_right: 16371 actu_wrong: 129,44015,1019,42996,6.881930376688639,0.24047962834004222,40.38720703125,0.3304104568426722,2925.73046875,4158.356393440459,3026.538595526832,0.011957609039580257,0.021476679694773692,0.044015,50.8325,8.960151672363281,40.13427734375,1.0,RQ3_sensitivity,3,True,5
MSTGAD,d93e1e23,MSDS,FITS_Legendre,legendre,false,Legendre-style,1.0,0.2,LPF,linear_attn,pr:0.8759  rc:0.9845  auc:0.9976 ap:0.9822 f1: 0.9270 pred_right: 16355 pred_wrong:145 actu_right: 16371 actu_wrong: 129,44015,1019,42996,6.929731801350911,0.19769044501013336,40.38720703125,0.2848727932534956,2929.21484375,5058.413419772216,3510.338732523834,0.00988046959638396,0.018516731561477213,0.044015,50.8325,7.382726669311523,40.13427734375,1.0,RQ3_sensitivity,3,True,5
MSTGAD,128b969e,MSDS,FITS_Legendre,legendre,false,Legendre-style,1.0,0.5,LPF,linear_attn,pr:0.9191  rc:0.9690  auc:0.9940 ap:0.9787 f1: 0.9434 pred_right: 16364 pred_wrong:136 actu_right: 16371 actu_wrong: 129,44015,1019,42996,6.887974041302999,0.2759034224633891,40.38720703125,0.37054472602347166,2941.98828125,3624.456670640592,2698.7295453684487,0.013595003190172266,0.024085407191525656,0.044015,50.8325,10.22944450378418,40.13427734375,1.0,RQ3_sensitivity,3,True,5
MSTGAD,5bab2399,MSDS,FITS_Legendre,legendre,false,Legendre-style,1.0,1.0,LPF,linear_attn,pr:0.8289  rc:0.9767  auc:0.9939 ap:0.9766 f1: 0.8968 pred_right: 16348 pred_wrong:152 actu_right: 16371 actu_wrong: 129,44015,1019,42996,7.007947928905487,0.28705755166500113,40.38720703125,0.358806066860785,2968.63671875,3483.6219921746197,2787.020879410033,0.014161840782617,0.023322394345951025,0.044015,50.8325,9.245920181274414,40.13427734375,1.0,RQ3_sensitivity,3,True,5
